{
  "hash": "96acf9f7",
  "configHash": "2a4874e3",
  "lockfileHash": "400b3fe9",
  "browserHash": "ac62986b",
  "optimized": {
    "@angular/common": {
      "src": "../../../../../../node_modules/@angular/common/fesm2022/common.mjs",
      "file": "@angular_common.js",
      "fileHash": "367d8a05",
      "needsInterop": false
    },
    "@angular/common/http": {
      "src": "../../../../../../node_modules/@angular/common/fesm2022/http.mjs",
      "file": "@angular_common_http.js",
      "fileHash": "9c3f0f1b",
      "needsInterop": false
    },
    "@angular/core": {
      "src": "../../../../../../node_modules/@angular/core/fesm2022/core.mjs",
      "file": "@angular_core.js",
      "fileHash": "53eebc62",
      "needsInterop": false
    },
    "@angular/forms": {
      "src": "../../../../../../node_modules/@angular/forms/fesm2022/forms.mjs",
      "file": "@angular_forms.js",
      "fileHash": "660134fc",
      "needsInterop": false
    },
    "@angular/platform-browser": {
      "src": "../../../../../../node_modules/@angular/platform-browser/fesm2022/platform-browser.mjs",
      "file": "@angular_platform-browser.js",
      "fileHash": "6b25e76d",
      "needsInterop": false
    },
    "@angular/platform-browser/animations": {
      "src": "../../../../../../node_modules/@angular/platform-browser/fesm2022/animations.mjs",
      "file": "@angular_platform-browser_animations.js",
      "fileHash": "ab0cd730",
      "needsInterop": false
    },
    "@angular/router": {
      "src": "../../../../../../node_modules/@angular/router/fesm2022/router.mjs",
      "file": "@angular_router.js",
      "fileHash": "b21c80b1",
      "needsInterop": false
    },
    "primeng/api": {
      "src": "../../../../../../node_modules/primeng/fesm2022/primeng-api.mjs",
      "file": "primeng_api.js",
      "fileHash": "4b125056",
      "needsInterop": false
    },
    "primeng/button": {
      "src": "../../../../../../node_modules/primeng/fesm2022/primeng-button.mjs",
      "file": "primeng_button.js",
      "fileHash": "5208fc77",
      "needsInterop": false
    },
    "primeng/card": {
      "src": "../../../../../../node_modules/primeng/fesm2022/primeng-card.mjs",
      "file": "primeng_card.js",
      "fileHash": "2fd7dbfd",
      "needsInterop": false
    },
    "primeng/chip": {
      "src": "../../../../../../node_modules/primeng/fesm2022/primeng-chip.mjs",
      "file": "primeng_chip.js",
      "fileHash": "5a985a15",
      "needsInterop": false
    },
    "primeng/inputtext": {
      "src": "../../../../../../node_modules/primeng/fesm2022/primeng-inputtext.mjs",
      "file": "primeng_inputtext.js",
      "fileHash": "893abec5",
      "needsInterop": false
    },
    "primeng/panel": {
      "src": "../../../../../../node_modules/primeng/fesm2022/primeng-panel.mjs",
      "file": "primeng_panel.js",
      "fileHash": "8b12b472",
      "needsInterop": false
    },
    "primeng/password": {
      "src": "../../../../../../node_modules/primeng/fesm2022/primeng-password.mjs",
      "file": "primeng_password.js",
      "fileHash": "e5b48f12",
      "needsInterop": false
    },
    "primeng/scroller": {
      "src": "../../../../../../node_modules/primeng/fesm2022/primeng-scroller.mjs",
      "file": "primeng_scroller.js",
      "fileHash": "9842631b",
      "needsInterop": false
    },
    "primeng/table": {
      "src": "../../../../../../node_modules/primeng/fesm2022/primeng-table.mjs",
      "file": "primeng_table.js",
      "fileHash": "30136a56",
      "needsInterop": false
    },
    "rxjs": {
      "src": "../../../../../../node_modules/rxjs/dist/esm5/index.js",
      "file": "rxjs.js",
      "fileHash": "fcc2a804",
      "needsInterop": false
    },
    "rxjs/operators": {
      "src": "../../../../../../node_modules/rxjs/dist/esm5/operators/index.js",
      "file": "rxjs_operators.js",
      "fileHash": "45c25011",
      "needsInterop": false
    },
    "primeng/config": {
      "src": "../../../../../../node_modules/primeng/fesm2022/primeng-config.mjs",
      "file": "primeng_config.js",
      "fileHash": "ead4c5e7",
      "needsInterop": false
    },
    "@primeng/themes/aura": {
      "src": "../../../../../../node_modules/@primeng/themes/aura/index.mjs",
      "file": "@primeng_themes_aura.js",
      "fileHash": "4c8cf92e",
      "needsInterop": false
    }
  },
  "chunks": {
    "chunk-GWYUCBYF": {
      "file": "chunk-GWYUCBYF.js"
    },
    "chunk-NMOYQVAO": {
      "file": "chunk-NMOYQVAO.js"
    },
    "chunk-RY4ALJZT": {
      "file": "chunk-RY4ALJZT.js"
    },
    "chunk-UPC7RBIL": {
      "file": "chunk-UPC7RBIL.js"
    },
    "chunk-5QJ467PE": {
      "file": "chunk-5QJ467PE.js"
    },
    "chunk-PPAABXWW": {
      "file": "chunk-PPAABXWW.js"
    },
    "chunk-7FP5UU2H": {
      "file": "chunk-7FP5UU2H.js"
    },
    "chunk-SINJTWLE": {
      "file": "chunk-SINJTWLE.js"
    },
    "chunk-S24DGDXJ": {
      "file": "chunk-S24DGDXJ.js"
    },
    "chunk-DRSR3KKP": {
      "file": "chunk-DRSR3KKP.js"
    },
    "chunk-SAJDAZDE": {
      "file": "chunk-SAJDAZDE.js"
    },
    "chunk-X2NH565A": {
      "file": "chunk-X2NH565A.js"
    },
    "chunk-VP7IZQO3": {
      "file": "chunk-VP7IZQO3.js"
    },
    "chunk-WXJEMTTQ": {
      "file": "chunk-WXJEMTTQ.js"
    },
    "chunk-4PYSGJ4J": {
      "file": "chunk-4PYSGJ4J.js"
    },
    "chunk-UCCE5RQP": {
      "file": "chunk-UCCE5RQP.js"
    },
    "chunk-B5QHEHR4": {
      "file": "chunk-B5QHEHR4.js"
    },
    "chunk-RFZ2BTTM": {
      "file": "chunk-RFZ2BTTM.js"
    },
    "chunk-WPM5VTLQ": {
      "file": "chunk-WPM5VTLQ.js"
    },
    "chunk-PEBH6BBU": {
      "file": "chunk-PEBH6BBU.js"
    },
    "chunk-4S3KYZTJ": {
      "file": "chunk-4S3KYZTJ.js"
    },
    "chunk-WDMUDEB6": {
      "file": "chunk-WDMUDEB6.js"
    }
  }
}